{"cameraMode":{"drawMode":0,"name":"Shaded","section":"Shading Mode"},"sceneLighting":false,"audioPlay":false,"sceneViewState":{"showFog":true,"showMaterialUpdate":false,"showSkybox":true,"showFlares":true,"showImageEffects":true,"showParticleSystems":true},"in2DMode":false,"pivot":{"x":227.4414520263672,"y":19.83153533935547,"z":337.9503479003906},"rotation":{"x":0.5019041299819946,"y":0.49650582671165469,"z":-0.47180864214897158,"w":0.5281769633293152},"size":3.777021646499634,"orthographic":true}