{"cameraMode":{"drawMode":0,"name":"Shaded","section":"Shading Mode"},"sceneLighting":false,"audioPlay":false,"sceneViewState":{"showFog":true,"showMaterialUpdate":false,"showSkybox":false,"showFlares":true,"showImageEffects":true,"showParticleSystems":true},"in2DMode":false,"pivot":{"x":0.15688705444335938,"y":3.411576271057129,"z":-0.7528963088989258},"rotation":{"x":0.04039302095770836,"y":0.7844350934028626,"z":-0.05137508362531662,"w":0.6167581081390381},"size":63.50069046020508,"orthographic":false}