{"cameraMode":{"drawMode":0,"name":"Shaded","section":"Shading Mode"},"sceneLighting":false,"audioPlay":false,"sceneViewState":{"showFog":true,"showMaterialUpdate":false,"showSkybox":true,"showFlares":true,"showImageEffects":true,"showParticleSystems":true},"in2DMode":false,"pivot":{"x":172.36190795898438,"y":-8.456012725830079,"z":418.4563293457031},"rotation":{"x":-0.13546964526176454,"y":0.3424719572067261,"z":-0.0499737486243248,"w":-0.9283660650253296},"size":160.075439453125,"orthographic":false}